Sentence,Label,Vaderlabel
sentences,label,0.051571
So there is no way for me to plug it in here in the US unless I go by a converter.,0,-0.295958
"Good case, Excellent value.",1,0.840168
Great for the jawbone.,1,0.624893
Tied to charger for conversations lasting more than 45 minutes.MAJOR PROBLEMS!!,0,-0.649920
The mic is great.,1,0.624893
I have to jiggle the plug to get it to line up right to get decent volume.,0,0.000000
"If you have several dozen or several hundred contacts, then imagine the fun of sending each of them one by one.",0,0.510607
If you are Razr owner...you must have this!,1,0.000000
"Needless to say, I wasted my money.",0,-0.493915
What a waste of money and time!.,0,-0.475428
And the sound quality is great.,1,0.624893
He was very impressed when going from the original battery to the extended battery.,1,0.690091
If the two were seperated by a mere 5+ ft I started to notice excessive static and garbled sound from the headset.,0,0.000000
Very good quality though,1,0.440434
"The design is very odd, as the ear ""clip"" is not very comfortable at all.",0,0.470563
Highly recommend for any one who has a blue tooth phone.,1,0.361158
I advise EVERYONE DO NOT BE FOOLED!,0,-0.561195
So Far So Good!.,1,0.492725
Works great!.,1,0.658960
It clicks into place in a way that makes you wonder how long that mechanism would last.,0,0.000000
"I went on Motorola's website and followed all directions, but could not get it to pair again.",0,0.000000
I bought this to use with my Kindle Fire and absolutely loved it!,1,0.474196
The commercials are the most misleading.,0,-0.457562
I have yet to run this new battery below two bars and that's three days without charging.,1,0.000000
I bought it for my mother and she had a problem with the battery.,0,-0.401924
Great Pocket PC / phone combination.,1,0.624893
I've owned this phone for 7 months now and can say that it's the best mobile phone I've had.,1,0.636950
I didn't think that the instructions provided were helpful to me.,0,0.421464
People couldnt hear me talk and I had to pull out the earphone and talk on the phone.,0,0.000000
Doesn't hold charge.,0,0.000000
"This is a simple little phone to use, but the breakage is unacceptible.",0,0.000000
This product is ideal for people like me whose ears are very sensitive.,1,0.709560
It is unusable in a moving car at freeway speed.,0,0.051571
I have two more years left in this contract and I hate this phone.,0,-0.571885
Car charger as well as AC charger are included to make sure you never run out of juice.Highy recommended,1,-0.044505
You need at least 3 mins to get to your phone book from the time you first turn on the phone.Battery life is short.,0,0.000000
It has kept up very well.,1,0.338445
Poor Talk Time Performance.,0,-0.476658
The case is great and works fine with the 680.,1,0.709560
worthless product.,0,-0.440434
"It has a great camera thats 2MP, and the pics are nice and clear with great picture quality.",1,0.927374
I was not impressed by this product.,0,-0.214601
Nice headset priced right.,1,0.421464
I only hear garbage for audio.,0,0.000000
Excellent bluetooth headset.,1,0.571885
It has all the features I want,1,0.077228
Who in their right mind is gonna buy this battery?.,0,0.000000
AFTER ARGUING WITH VERIZON REGARDING THE DROPPED CALLS WE RETURNED THE PHONES AFTER TWO DAYS.,0,-0.458831
This case seems well made.,1,0.273213
Disappointed with battery.,0,-0.476658
Not loud enough and doesn't turn on like it should.,0,-0.275509
good protection and does not make phone too bulky.,1,0.440434
A usable keyboard actually turns a PDA into a real-world useful machine instead of just a neat gadget.,1,0.709560
This phone is pretty sturdy and I've never had any large problems with it.,1,-0.556111
I love this thing!,1,0.669739
Everything about it is fine and reasonable for the price i.e.,1,0.202289
VERY DISAPPOINTED.,0,-0.476658
I even dropped this phone into a stream and it was submerged for 15 seconds and it still works great!,1,0.658960
I have been very happy with the 510 and have had NO complaints from any one regarding my sound quality on their end.,1,0.739209
The buttons for on and off are bad.,0,-0.542326
Essentially you can forget Microsoft's tech support.,0,0.202289
"I really recommend this faceplates since it looks very nice, elegant and cool.",1,0.896956
These headphones were a great find - and I think they are perhaps the best purchase I've made in the last several years - seriously.,1,0.822463
Buy a different phone - but not this.,0,0.000000
You have to hold the phone at a particular angle for the other party to hear you clearly.,0,0.659728
The one big drawback of the MP3 player is that the buttons on the phone's front cover that let you pause and skip songs lock out after a few seconds.,0,0.000000
"A week later after I activated it, it suddenly died.",0,-0.557370
It feels more comfortable than most headsets because I wear glasses and that gets in the way sometimes.,1,0.556335
Great for iPODs too.,1,0.624893
This device is great in several situations:1.),1,0.624893
Mic Doesn't work.,0,0.000000
"Even in my BMW 3 series which is fairly quiet, I have trouble hearing what the other person is saying.",0,-0.401924
Great choice!,1,0.658960
Nice docking station for home or work.,1,0.421464
This is a beautiful phone.,1,0.599373
Love this product.,1,0.636950
Do Not Buy for D807...wrongly advertised for D807.,0,0.000000
This is a great little item.,1,0.624893
"I love this phone , It is very handy and has a lot of features .",1,0.636950
I purchased this and within 2 days it was no longer working!!!!!!!!!,0,-0.522280
I wear it everyday and it holds up very well.,1,0.338445
Not a good bargain.,0,0.571885
"Well packaged, arrived on time, and works as intended.",1,0.273213
The battery runs down quickly.,0,0.000000
"This item worked great, but it broke after 6 months of use.",0,-0.284646
The headsets are easy to use and everyone loves them.,1,0.764969
This phone works great.,1,0.624893
The construction of the headsets is poor.,0,-0.476658
Product was excellent and works better than the verizon one and Boy was it cheaper!,1,0.784096
The phone loads super!,1,0.636121
"For a product that costs as much as this one does, I expect it to work far better and with greater ease than this thing does.",0,0.784527
Made very sturdy.,1,0.000000
Worked great!.,1,0.658960
The ear buds only play music in one ear.,0,0.339950
Dont waste your money...,0,-0.421464
Will order from them again!,1,0.000000
If you plan to use this in a car forget about it.,0,-0.226348
I found this product to be waaay too big.,0,0.000000
Best I've found so far .... I've tried 2 other bluetooths and this one has the best quality (for both me and the listener) as well as ease of using.,1,0.918559
I'm very disappointed with my decision.,0,-0.525630
Integrated seamlessly with the Motorola RAZR phone.,1,0.000000
"Buyer Beware, you could flush money right down the toilet.",0,0.000000
Definitely a bargain.,1,0.542326
The price was very good and with the free shipping and all it was a good purchase.,1,0.855290
I received my supposedly new motorola 375 and apparently there was not a match between the phone and the charger.,0,0.000000
"Pros:-Good camera - very nice pictures , also has cool styles like black and white, and more.",1,0.784096
"That's a huge design flaw (unless I'm not using it correctly, which I don't think is the case).",0,0.180778
"I love my 350 headset.. My Jabra350 bluetooth headset is great, the reception is very good and the ear piece is a comfortable fit.",1,0.953783
"The camera, although rated at an impressive 1.3 megapixels, renders images that fall well below expectations of such a relatively high resolution.",0,0.796389
I purcashed this for the car charger and it does not work.,0,0.000000
"Sound quality on both end is excellent, I use headset to call my wife and ask my wife to use headset to call me !2.",1,0.611478
This phone is slim and light and the display is beautiful.,1,0.599373
its a little geeky but i think thats its sex on toast and it rocks and oozes sex right down to its battery embedded sleek stylish leather case.,1,-0.039602
"Great product, fast shipping!.",1,0.658960
Absolutely great.,1,0.624893
The keyboard is a nice compromise between a full QWERTY and the basic cell phone number keypad.,1,0.476658
i got this phone around the end of may and i'm completely unhappy with it.,0,-0.475428
It is very comfortable on the ear.,1,0.556335
It has been a winner for us.,1,0.585882
)Setup couldn't have been simpler.,1,0.000000
I've tried several different earpieces for my cell phone and this Jabra one is the first one I've found that fits my ear comfortably.,1,0.421464
Could not get strong enough signal.,0,0.309255
Iam very pleased with my purchase.,1,0.492725
Bad Quality.,0,-0.542326
Gets the job done.,1,0.000000
Great audio!.,1,0.658960
Basically the service was very bad.,0,-0.584919
it did not work in my cell phone plug i am very up set with the charger!.,0,0.000000
"I've only had my bluetooth for a few weeks, but I really like it.",1,0.570386
The BT headset was such a disapoinment.,0,0.000000
It is so small and you don't even realize that it is there after a while of getting used to it.,1,0.000000
The accompanied software is almost brilliant.,1,0.543397
Headset works great & was packaged nicely to avoid any damage.,1,0.381819
!I definitly recommend!!,1,0.523399
Buyer--Be Very Careful!!!!!.,0,0.416050
The majority of the Logitech earbud headsets failed.,0,-0.510607
Very good stuff for the price.,1,0.440434
My headset works just peachy-keen.,1,0.000000
In my house I was getting dropped coverage upstairs and no coverage in my basement.,0,-0.295958
Voice recognition is tremendous!,1,0.000000
What a waste.,0,-0.421464
"During several different 2 minute calls, I experienced 5 drops and it was in an area that had 5 bars.",0,0.000000
I was not happy with this item.,0,-0.271857
very disappointed.,0,-0.525630
The phone takes FOREVER to charge like 2 to 5 hours literally.,0,0.361158
I got this phone on reccomendation from a relative and I'm glad I did.,1,0.458831
What a waste of time!,0,-0.475428
Its reception is very very poor.,0,-0.567780
Items stated as included from the description ARE NOT INCLUDED.,0,0.000000
"After 3 months, screen just went black all of a sudden.",0,0.000000
I Was Hoping for More.,0,0.421464
"Audio Quality is poor, very poor.",0,-0.757434
I had absolutely no problem with this headset linking to my 8530 Blackberry Curve!,1,0.480564
"I know that sounds funny, but to me it seemed like sketchy technology that wouldn't work well.Well, this one works great.",1,0.654562
I've bought $5 wired headphones that sound better than these.,0,0.440434
This phone is very fast with sending any kind of messages and web browsing is significantly faster than previous phones i have used.,1,0.000000
"Nice quality build, unlike some cheap s*** out there.",1,0.421464
This item is fantastic and works perfectly!,1,0.843936
And I just love the colors!,1,0.669739
W810i is just SUPERB.,1,0.703428
"All I can do is whine on the Internet, so here it goes.The more I use the thing the less I like it.",0,-0.071685
Great charger.,1,0.624893
This is essentially a communications tool that does not communicate.,0,0.000000
Works like a charm; it work the same as the one I got with the phone.,1,0.636950
"I still maintain that monkeys shouldn't make headphones, we just obviously don't share enough DNA to copy the design over to humans.",0,-0.124576
Great Value.,1,0.757937
Doesn't work at all.. I bougth it for my L7c and its not working.,0,0.000000
"The look of it is very sharp and the screen is nice and clear, with great graphics.",1,0.859064
doesn't last long.,0,0.000000
One thing I hate is the mode set button at the side.,0,-0.571885
EXCELLENT SERVICE!!!!!!!!.,1,0.707017
Thank you for wasting my money.,0,-0.051571
How can that be?The audio quality is poor.,0,-0.476658
The iGo chargers and tips are really great.,1,0.658960
The file browser offers all the options that one needs.Handsfree is great.,1,0.624893
Superb Phone on a Great Network.,1,0.848122
"I connected my wife's bluetooth,(Motorola HS850) to my phone and it worked like a charm whether the phone was in my pocket or the case.",1,0.636950
"I put the latest OS on it (v1.15g), and it now likes to slow to a crawl and lock up every once in a while.",0,0.421464
It only recognizes the Phone as its storage device.,0,0.000000
"If you like a loud buzzing to override all your conversations, then this phone is for you!",0,0.420114
Don't buy this product.,0,0.000000
I've had this bluetoooth headset for some time now and still not comfortable with the way it fits on the ear.,0,-0.233966
The sound quality is good and functionality is awesome.,1,0.790569
"I have this phone and it is a thorn in my side, I really abhor it.",0,-0.509457
I recently had problems where I could not stay connected for more than 10 minutes before being disconnected.,0,0.175120
Incredible!.,1,0.000000
Design Flaw?.,0,0.000000
Great phone!.,1,0.658960
Waste of 13 bucks.,0,-0.421464
"But when I check voice mail at night, the keypad backlight turns off a few seconds into the first message, and then I'm lost.",0,-0.318211
The replacement died in a few weeks.,0,-0.557370
Any ring tone..Overall good phone to buy..,1,0.440434
Lately they have been extremely nice and helpful on the phone.,1,0.731635
I have had problems wit hit dropping signal and more.,0,-0.401924
Not impressed.,0,0.476658
"Light weight, I hardly notice it is there.",1,0.000000
You'll love how thin it is.,1,0.636950
Bad Choice.,0,-0.542326
The pleather case doesn't fit.,0,-0.155045
"useless phone, simply deaf.",0,-0.421464
"The color is even prettier than I thought it would be, and the graphics are incredibly sharp.",1,0.476658
All in all I think it was a good investment.,1,0.440434
It makes very strange ticking noises before it ends the call.,0,-0.271603
The best electronics of the available FM Transmitters.,1,0.636950
Battery lasts only a few hours.,0,0.000000
"great headset, very impressed - H500.",1,0.817278
"The ""1.2"" mega pixel camera, being a part of a phone, is reasonably good7.",1,0.000000
I've had this for nearly 2 years and it has worked great for me.,1,0.624893
Good transmit audio.,1,0.440434
We are sending it back.,0,0.000000
I did not bother contacting the company for few dollar product but I learned the lesson that I should not have bought this form online anyway.,0,0.073044
"If you hate earbugs, avoid this phone by all means.",0,-0.709560
Great price also!,1,0.658960
"The range is very decent, I've been able to roam around my house with the phone in the living room with no reception/sound quality issues.",1,-0.295958
fast service.,1,0.000000
I would highly recommend this.,1,0.420114
I would recommend this.,1,0.361158
"I also didn't like the ""on"" button, it felt like it would crack with use.",0,0.224477
WORST PHONE EVER.,0,-0.624893
I'm still infatuated with this phone.,1,0.051571
Freezes frequently4.,0,-0.025811
It's kind of embarrassing to use because of how it looks and mostly it's embarrassing how child-like the company is.,0,-0.636950
"Simple, lightweight and great fit.",1,0.764969
"All in all, I'd expected a better consumer experience from Motorola.",0,0.440434
There's a horrible tick sound in the background on all my calls that I have never experienced before.,0,-0.333267
These are certainly very comfortable and functionality is decent.,1,0.717812
I usually don't like headbands but this one is very lightweight & doesn't mess up my hair.,1,0.226478
I'm a bit disappointed.,0,-0.476658
"I have had this phone for over a year now, and I will tell you, its not that great.",0,0.401440
I ordered this for sony Ericsson W810i but I think it only worked once (thats when I first used it).,0,0.000000
The battery is completely useless to me.,0,-0.475428
What a big waste of time.,0,-0.421464
Don't waste your $$$ on this one.,0,0.325224
Great sound and service.,1,0.624893
Really pleased with this product so far.,1,0.440434
One of my favorite purchases ever.,1,0.458831
best bluetooth on the market.,1,0.636950
Authentic leather with nice shine and comfort .I recommend you this case !!,1,0.811887
I was very excited to get this headset because I thought it was really cute.,1,0.717201
Do not make the same mistake as me.,0,-0.339950
Big Disappointment with calendar sync.,0,-0.510607
the phone was unusable and was not new.,0,0.000000
Worst Customer Service Ever.,0,-0.624893
"No additional ear gels provided, and no instructions whatsoever.",0,-0.526742
It defeats the purpose of a bluetooth headset.,0,-0.318211
Worth every penny.,1,0.226348
Excellent wallet type phone case.,1,0.571885
Nice headphones for the price and they work great!,1,0.801610
Internet is excrutiatingly slow.,0,0.000000
"It is very comfortable to wear as well, which is probably the most important aspect about using a case.",1,0.777356
"It's fits like a glove and is strong, secure, and durable.",1,0.801996
O my gosh the best phone I have ever had.,1,0.636950
It's very attractive and appears to be of good quality.,1,0.726360
I love all the features and form factor.,1,0.636950
This product had a strong rubber/petroleum smell that was unbearable after a while and caused me to return it,0,0.510607
poor quality and service.,0,-0.476658
"The cable looks so thin and flimsy, it is scary.",0,-0.493915
Great Earpiece.,1,0.624893
Excellent hands free tool.,1,0.790569
Great for using with your home stereo.,1,0.624893
Good product - incredible value.,1,0.680111
Only had this a month but it's worked flawlessly so far.,1,0.295958
Works great.,1,0.624893
Absolutel junk.,0,0.000000
THAT one didn't work either.,0,0.000000
Battery life is real good.,1,0.440434
Returned 8 hours later.,0,0.000000
It's a great item.,1,0.624893
Don't waste your money!.,0,0.386898
Love this headset!,1,0.669739
"Not only will it drain your player, but may also potentially fry it.",0,0.000000
Worked perfectly!,1,0.669739
Unreliable - I'm giving up.,0,0.339950
I gave it 5 stars because of the sound quality.,1,0.000000
Avoid this one if you can.,0,-0.295958
Reversible plug works great.,1,0.624893
I wasted my little money with this earpiece.,0,-0.493915
Very good phone.,1,0.440434
"Best of all is the rotating feature, very helpful.",1,0.807026
Comfort for our whole family.,1,0.361158
"Good product, good seller.",1,0.700349
I love this bluetooth!,1,0.669739
"First of all, it doesn't wear well.",0,0.153681
I am very impressed with this headset from Plantronics.,1,0.525630
I got it because it was so small and adorable.,1,0.536732
Great phone!.,1,0.658960
I wouldn't recommend buying this product.,0,0.207470
Piece of Junk.,0,0.000000
Poorly contstruct hinge.,0,0.000000
"This item is great, installed it, let it charged up overnite and it has been working good every since with no problems",1,0.815538
Great Phone.,1,0.624893
Don't buy it.,0,0.000000
Excellent Phone.,1,0.571885
DO NOT PURCHASE THIS PHONE.,0,0.000000
The voice recognition thru the handset is excellent.,1,0.571885
This is hands down the best phone I've ever had.,1,0.636950
"Works great, when my cat attacked the phone he scratched the protective strip instead of destroying the screen.",1,-0.361158
This one works and was priced right.,1,0.000000
Customer service was terrible.,0,-0.476658
Battery life still not long enough in Motorola Razor V3i.,0,0.000000
Sending it back.,0,0.000000
Now I know that I made a wise decision.,1,0.476658
Someone shouldve invented this sooner.,1,0.000000
Good price.,1,0.440434
Everything worked on the first try.The device was certainly engineered in a clever way and the construction feels good.,1,0.807398
I received it quickly and it works great!!,1,0.689404
Has been working great.,1,0.624893
"As many people complained, I found this headset's microphone was very weak.",0,-0.708927
My 5-year old Nokia 2160 from Tracfone holds the charge a lot better than this.,0,0.440434
They do not care about the consumer one bit.,0,-0.224317
"This is a good battery, and it got here really fast.",1,0.440434
The instruction manual is lacking.,0,0.000000
Also its slim enough to fit into my alarm clock docking station without removing the case.,1,-0.334451
Phone now holds charge like it did when it was new.,1,0.361158
The battery is unreliable as well as the service use antena.,0,0.273213
It's uncomfortable and the sound quality is quite poor compared with the phone (Razr) or with my previous wired headset (that plugged into an LG).,0,-0.717812
We have gotten a lot of compliments on it.,1,0.401924
This is definitely a must have if your state does not allow cell phone usage while driving.,1,0.144659
I want my money back.,0,0.077228
I love this device.,1,0.636950
I am also very happy with the price.,1,0.611478
I ordered this product first and was unhappy with it immediately.,0,-0.421464
The Ngage is still lacking in earbuds.,0,0.000000
I was able to do voice dialing in the car with no problem.,1,0.308926
"I have 2-3 bars on my cell phone when I am home, but you cant not hear anything.",0,0.000000
"good item, low price.",1,0.202289
"However-the riingtones are not the best, and neither are the games.",0,-0.317488
The plug did not work very well.,0,-0.257202
AMAZON SUCKS.,0,-0.202289
Rip off---- Over charge shipping.,0,0.000000
VERY comfortable.,1,0.510607
The battery is working well as a replacement for the original that came with the phone over 2 years ago.,1,0.526742
The reception is excellent!,1,0.611478
"It fits comfortably in either ear, the sound is clear and loud, and the charge lasts a couple of days.",1,0.659728
"very clear, quality sound and you don't have to mess with the sound on your iPod since you have the sound buttons on the headset.",1,-0.074879
1. long lasting battery (you don't have to recharge it as frequentyly as some of the flip phones)2.,0,0.000000
Obviously there is a problem with the adhesive.,0,-0.401924
Very disappointing.,0,-0.493915
"It was an inexpensive piece, but I would still have expected better quality.",0,0.592690
It is practically useless and did not add any kind of boost to my reception after I bought it.,0,0.531381
Excellent sound quality.,1,0.571885
Was not happy.,0,0.356648
A PIECE OF JUNK THAT BROKE AFTER BEING ON MY PHONE FOR 2 DAYS!!!,0,-0.568880
New Battery works great in phone.,1,0.624893
Worst customer service.,0,-0.624893
"I've dropped my phone more times than I can say, even on concrete and my phone is still great (knock on wood!).",1,0.658960
Reception is terrible and full of static.,0,-0.476658
Good audio quality.,1,0.440434
This little device has transformed my organizational capability and made my life a whole lot easier.,1,0.421464
"I was sitting in my vehicle, with the cradle on my belt, and the headset lost signal.",0,-0.318211
Were JERKS on the phone.,0,-0.427787
Works like a charm.. Works as advertised.,1,0.636950
"Comfortable, Nice Range, Good Battery Life.",1,0.840168
Their network coverage in Los Angeles is horrible.,0,-0.542326
Excellent starter wireless headset.,0,0.571885
"The loudspeaker option is great, the bumpers with the lights is very ... appealing.",0,0.624893
The only thing that I think could improve is the sound leaks out from the headset.,0,0.440434
"First off the reception sucks, I have never had more than 2 bars, ever.",0,0.155045
The phone gets EXTREMELY HOT!,0,0.000000
"The microphone also works well, but (according to people I have called) it applifies everything.",1,0.140599
Nice design and quality.,1,0.421464
"Also, if your phone is dropped, this case is not going to save it, specially when dropped face down.",0,-0.387505
"It is light, easy to use, and has very clear reception and transmission.",1,0.699691
"bad fit, way too big.",0,-0.250000
It definitely was not as good as my S11.,1,-0.056085
awesome device.,1,0.624893
Waste of money.,0,-0.421464
"I had ordered a motorola data cable, got a very well finished and working product.",1,0.338445
Love This Phone.,1,0.636950
I was looking for this headset for a long time and now that I've got it I couldn't be happier.,1,0.321338
"I'll be drivng along, and my headset starts ringing for no reason.",0,-0.295958
Display is excellent and camera is as good as any from that year.,1,0.764969
Battery life is also great!,1,0.658960
The worst phone I've ever had.... Only had it for a few months.,0,-0.624893
Not a good item.. It worked for a while then started having problems in my auto reverse tape player.,0,0.051571
This is so embarassing and also my ears hurt if I try to push the ear plug into my ear.,0,-0.526742
Protects the phone on all sides.,1,0.318211
This is a VERY average phone with bad battery life that operates on a weak network.,0,-0.750630
"Clear Skype Calls, Long Battery Life, Long Range.",1,0.381819
Soyo technology sucks.,0,-0.361158
Great Hands Free Device.,1,0.812605
"you can even take self portraits with the outside (exterior) display, very cool.",1,0.380391
Same problem as others have mentioned.,0,-0.401924
After trying many many handsfree gadgets this is the one that finally works well.,1,0.273213
Magical Help.,1,0.401924
The worst piece of crap ever along with the Verizon customer service.,0,-0.771737
Poor sound quality.,0,-0.476658
The best phone in market :).,1,0.636950
It worked very well.,1,0.338445
The company shipped my product very promptly and it works well.,1,0.273213
Exactly what I wanted.,1,0.000000
The picture resolution is far below what other comparably-priced phones are offering today.,0,0.000000
This is a great deal.,1,0.624893
"Excellent product, I am very satisfied with the purchase.",1,0.777805
I highly recommend these and encourage people to give them a try.,1,0.749585
Better than you'd expect.,1,0.440434
"Using all earpieces, left or right, this thing will not stay on my ear.",0,0.000000
Great product and price.,1,0.624893
"Sounds good reasonably priced and effective, Its that simple !",1,0.742495
Still Waiting...... I'm sure this item would work well.. if I ever recieve it!,0,0.570886
what a disappointment,0,-0.510607
Very prompt service.,1,0.000000
Excellent product for the price.,1,0.571885
Very pleased with this headset.,1,0.440434
don't waste your money and time.,0,0.325224
I especially love the long battery life.,1,0.669739
"It's so stupid to have to keep buying new chargers, car chargers, cradles, headphones and car kits every time a new phone comes out.",0,-0.570886
Works great.,1,0.624893
Plantronics Bluetooth Excelent Buy.,1,0.000000
I came over from Verizon because cingulair has nicer cell phones.... the first thing I noticed was the really bad service.,0,-0.224677
I'll be looking for a new earpiece.,0,0.000000
I highly recommend this device to everyone!,1,0.474196
Jawbone Era is awesome too!,1,0.658960
We received a WHITE colored battery that goes DEAD after a couple hoursTHe original used to last a week - but still lasts longer than thereplacement,0,-0.250000
After a year the battery went completely dead on my headset.,0,-0.680111
"I have used several phone in two years, but this one is the best.",1,0.778253
An Awesome New Look For Fall 2000!.,1,0.658960
This is the first phone I've had that has been so cheaply made.,0,0.000000
"Att is not clear, sound is very distorted and you have to yell when you talk.",0,-0.563437
The plastic breaks really easy on this clip.,0,0.492725
Price is good too.,1,0.440434
Don't make the same mistake I did.,0,-0.339950
Oh and I forgot to also mention the weird color effect it has on your phone.,0,-0.177858
I'm using it with an iriver SPINN (with case) and it fits fine.,1,0.202289
Also the area where my unit broke).- I'm not too fond of the magnetic strap.,0,0.415631
"Overall, I am psyched to have a phone which has all my appointments and contacts in and gets great reception.",1,0.624893
"every thing on phone work perfectly, she like it.",1,0.771737
"Another note about this phone's appearance is that it really looks rather bland, especially in the all black model.",0,0.000000
IT'S REALLY EASY.,1,0.440434
My Sanyo has survived dozens of drops on blacktop without ill effect.,1,-0.052243
Fantastic earphones.,1,0.557370
It finds my cell phone right away when I enter the car.,1,0.000000
Low Quality.,0,-0.273213
I highly recommend this modest priced cellular phone.,1,0.420114
But it does get better reception and clarity than any phone I've had before.,1,0.680823
Warning - Stay away.,0,-0.339950
I wish I could return the unit and get back my money.,0,0.401924
Awsome Device Works Great!!.,1,0.689404
I used to talk on it for 1 - 1 1/2 hours and the battery would be literally drained and dying.,0,-0.361158
"If you don't find it, too bad, as again the unit comes with one earpad only.I would not recommend this to anyone.",0,0.104060
Very Displeased.,0,-0.440434
"I might have gotten a defect, but I would not risk buying it again because of the built quality alone.",0,-0.140028
They made this case too small and is very difficult to install.,0,-0.420114
Restored my phone to like new performance.,1,0.599373
"I would recommend purchasing the Jabra JX-10 series 2 which works flawlessly with my Moto Q, go figure.",1,0.510607
"I searched the Internet, and found this one to be the best value.",1,0.764969
Does not fit.,0,0.207470
Very happy with this product.,1,0.571885
"The screen size is big, key pad lit well enough, and the camera quality is excellent for a camera phone.",1,0.700349
There's really nothing bad I can say about this headset.,0,0.288162
"i'm glad i found this product on amazon it is hard to find, it wasn't high priced.",1,-0.455689
Portable and it works.,1,0.000000
"My colleague & I now get great reception.A little expensive, but performance is great.",1,0.848122
I even fully charged it before I went to bed and turned off blue tooth and wi-fi and noticed that it only had 20 % left in the morning.,0,-0.271603
I've also had problems with the phone reading the memory card in which I always turn it on and then off again.,0,-0.401924
Not good when wearing a hat or sunglasses.,0,0.440434
Timely shipment and quality product.,1,0.000000
Nice solid keyboard.,1,0.526742
Very well made and fits my Surefire GX2 perfectly.,1,0.807398
Horrible phone.,0,-0.542326
BT50 battery junk!.,0,0.000000
We would recommend these to others.,1,0.361158
Cant get the software to work with my computer.,0,0.000000
Disappointed!.,0,-0.525630
poor voice clarity.,0,-0.102733
The battery works great!,1,0.658960
No buyers remorse on this one!.,0,-0.172683
Very disappointed in AccessoryOne.,0,-0.476658
I find this inexcusable and so will probably be returning this phone and perhaps changing carriers.,0,0.000000
"Looks great and is strong.""",1,0.812605
"I have had TMobile service for 2 or 3 years now, and I am pretty happy with it.",1,0.784527
The update procedure is difficult and cumbersome.,0,-0.361158
Disappointment.. I hate anything that goes in my ear.,0,-0.790569
Great software for Motorolas.,1,0.624893
The delivery was on time.,1,0.000000
Very easy to use.,1,0.440434
"Uncomfortable In the Ear, Don't use with LG VX9900 (EnV).",0,-0.381819
The volume switch rocketed out of the unit to a destination unknown.,0,0.000000
"It holds a charge for a long time, is reasonably comfortable under long-wearing conditions and the quality of sound is tremendous.",1,0.510607
I'd like to return it.,0,0.361158
The keyboard is really worthwhile in usefulness and is sturdy enough I don't expect any problems.,1,0.345135
"Verizon's bills, however, are difficult to understand even though their pricing plans are simple.",0,-0.502331
"After charging overnight, these batteries work great.",1,0.624893
You won't regret it!,1,-0.313509
I love this phone!.,1,0.669739
A Disappointment.,0,-0.510607
Its not user friendly.,0,0.297020
Unfortunately the ability to actually know you are receiving a call is a rather important feature and this phone is pitiful in that respect.,0,0.153093
"Then I exchanged for the same phone, even that had the same problem.",0,-0.401924
This results in the phone being either stuck at max volume or mute.,0,-0.250000
This PDA rocks.,1,0.000000
"It is super charged up for use as a small hybrid palmtop/camera/cellphone, and excels in those roles.",1,0.764969
"I would definitely recommend the Jabra BT250v for those who are looking for comfort, clarity and a great price!",1,0.929917
I had Verizon 2 years ago and really liked their service.,1,0.475428
Pretty piece of junk.,0,0.493915
Plug was the wrong size.,0,-0.476658
Works as described.,1,0.000000
Save your money.... I've had this item for 11 months now.,0,0.493915
Bad Purchase.,0,-0.542326
WELL IM SATISFIED.,1,0.599373
"The bose noise cancelling is amazing, which is very important for a NYC commuter.",1,0.624032
This battery is an excellent bargain!,1,0.699691
Defective crap.,0,-0.670478
I would have given no star if I was able.,0,-0.295958
I wear glasses and it fits fine with them.,1,0.202289
"The sound quality for the device is unacceptable.Unless you are in a really quiet area, you almost hear nothing.",0,0.000000
I would not recommend this item to anyone.,0,-0.155045
The holster that arrived did not match the photo in the ad.,0,0.000000
great...no problems at all!.,1,-0.457562
"As an earlier review noted, plug in this charger and nothing happens.",0,0.000000
This frog phone charm is adorable and very eye catching.,1,0.709560
You never know if you pushed it hard enough or the right number of times for the function you want or not.,0,-0.020921
The sound is clear and the people I talk to on it are amazed at the quality too.,1,0.700349
I got the aluminum case for my new Palm VX and it worked really well--it has protected my handheld perfectly so far.,1,0.810737
"very good product, well made.",1,0.676392
Mobile Phone Tools are a must have.,1,0.000000
I am very impressed with the job that Motorola did on the sturdiness of this phone.,1,0.525630
"I received my orders well within the shipping timeframe, everything was in good working order and overall, I am very excited to have this source.",1,0.771272
The phone is sturdy and waterproof.,1,0.000000
I am not impressed with this and i would not recommend this item to anyone.,0,-0.352487
My only complaint is the standard sound volume is a little low even when turned up to 5(of 5),0,-0.460098
Thanks again to Amazon for having the things I need for a good price!,1,0.777805
I ended up sliding it on the edge of my pants or back pockets instead.,1,0.000000
I had to go to a store and bought a new NOKIA phone which is working great.,1,0.624893
Works great!.,1,0.658960
REALLY UGLY.,0,-0.510607
"horrible, had to switch 3 times.",0,-0.542326
The noise shield is incrediable.,1,0.000000
No real improvement.,0,-0.569024
Razr Battery - Good buy.,1,0.440434
Keep up the good work Amazon!!,1,0.635289
They refuse to refund or replace.,0,-0.295958
Unfortunately it's easy to accidentally activate them with the gentle-touch buttons if you accidentally touch the phone to your face while listening.,0,-0.510607
So I basically threw my money out the window for nothing.,0,0.000000
Great case and price!,1,0.658960
All it took was one drop from about 6 inches above the kitchen counter and it was cracked.I am not impressed and I am not laughing.,0,-0.317488
"Bluetooth range is good - a few days ago I left my phone in the trunk, got a call, and carried the conversation without a hitch.",1,-0.194979
"Small, sleek, impressive looking, practical setup with ample storage in place.",1,0.510607
The eargels channel the sound directly into your ear and seem to increase the sound volume and clarity.,1,0.612372
none of the new ones have ever quite worked properly.,0,0.000000
I am glad I purchased it.,1,0.458831
I've missed numerous calls because of this reason.,0,-0.295958
"Perhaps my phone is defective, but people cannot hear me when I use this.",0,0.098910
Don't buy this product.,0,0.000000
"sucked, most of the stuff does not work with my phone.",0,-0.458831
"No shifting, no bubbling, no peeling, not even a scratch, NOTHING!I couldn't be more happier with my new one for the Droid.",1,-0.686510
Worst software ever used.... If I could give this zero stars I would.,0,-0.624893
Trying to make a call on these is an exercise in frustration.,0,-0.476658
The case is a flimsy piece of plastic and has no front or side protection whatsoever.,0,-0.295958
"I own a Jabra Earset and was very happy with it, but the sound quality, especially outgoing, on this is better.",1,0.861999
"I love the camera, it's really pretty good quality.",1,0.897267
Thank you for such great service.,1,0.764969
Its a total package.,1,0.000000
"The seller is very understanding and patient, I would definitely buy from them again.",1,0.401924
I give Wirefly 1 star.I will contact Cingular/AT&T; and inform them of this practice.,0,0.000000
It's AGGRAVATING!,0,-0.498309
Great product for the price!.,1,0.658960
"I have purchased these for both family and friends, and all enjoy their clarity and ease of use",1,0.888523
Virgin Wireless rocks and so does this cheap little phone!,1,0.000000
"None of it works, just don't buy it.",0,0.000000
"Muddy, low quality sound, and the casing around the wire's insert was poorly super glued and slid off.",0,0.421464
Please dont waste your money.,0,0.562072
"All in all, I'm quite satisfied with this purchase.",1,0.475428
"If you are looking for a good quality Motorola Headset keep looking, this isn't it.",0,-0.194979
Yet Plantronincs continues to use the same flawed charger design.,0,0.000000
Disapointing Results.,0,0.000000
Cumbersome design.,0,0.000000
"Great it was new packaged nice works good, no problems and it came in less time then I expected!!!!",1,0.922111
Great Product.,1,0.624893
It's A PIECE OF CRAP!,0,-0.561195
"My experience was terrible..... This was my fourth bluetooth headset, and while it was much more comfortable than my last Jabra (which I HATED!!!",0,-0.679398
This fixes all the problems.,1,-0.401924
Worst ever.,0,-0.624893
I am very happy,1,0.611478
"I've had no trouble accessing the Internet, downloading ringtones or performing any of the functions.",1,0.308926
"I can barely ever hear on it and am constantly saying ""what?""",0,0.000000
The battery life is highly unacceptable.,0,-0.509457
That company is a joke.,0,0.295958
It does everything the description said it would.,1,0.000000
Due to this happening on every call I was forced to stop using this headset.,0,-0.636950
"It works great with a car charger, especially if you cannot plug in two adapters at the same time.",1,0.401440
"Verizon tech support walked my through a few procedures, none of which worked and I ended up having to do a hard re-set, wiping out all my data.",0,0.135813
"Voice Quality, Signal Strength, Dropped Calls.",0,0.493915
"It plays louder than any other speaker of this size; the price is so low that most would think the quality is lacking, however, it's not.",1,-0.022654
Better than expected.,1,0.440434
"It feels poorly constructed, the menus are difficult to navigate, and the buttons are so recessed that it is difficult to push them.",0,-0.612372
Battery is holding up well.,1,0.273213
Also difficult to put on.I'd recommend avoiding this product.,0,-0.339950
"I only used it two days, and it wasn't always easy to hear with.",0,0.259442
I got the car charger and not even after a week the charger was broken...I went to plug it in and it started smoking.,0,0.000000
Sprint - terrible customer service.,0,-0.476658
Linked to my phone without effort.,1,0.000000
THey are so cool!,1,0.437812
Easy to use.,1,0.440434
Better Than New.,1,0.440434
"What possesed me to get this junk, I have no idea...",0,-0.295958
Piece of trash.,0,0.000000
A pretty good product.,1,0.726946
This is a great phone!.,1,0.658960
"For the price on Amazon, it is an excellent product, which I would highly recommend.",1,0.801610
Their Research and Development division obviously knows what they're doing.,1,0.000000
"The real killer is the volume, and of course it breaking.",0,-0.648557
Those phones are working just fine now.,1,0.202289
I am more than happy with this product.,1,0.609599
Poor Construction.,0,-0.476658
This is infuriating.,0,-0.526742
"Overall, I would recommend this phone over the new Walkman.",1,0.361158
Sprint charges for this service.,0,-0.273213
"It is cheap, and it feel and look just as cheap.",0,0.000000
It fits my ear well and is comfortable on.,1,0.659728
It doesn't work in Europe or Asia.,0,0.000000
clipping this to your belt will deffinitely make you feel like 50 cent's up-and-coming.,1,0.361158
I like design and look of Jabra behing the ear headsets and 5020 is pretty comfortible to wear 24 hours a day without pain in the ear.,1,-0.266176
I was amazed at the quick arrival of the two original lg cell phone batteries and and at a fraction of the price.,1,0.670478
the worst phone from samsung...crap..... this crappy Samsung E715.. is the worst i have ever seeen.,0,-0.915277
the charger worked for about a week and then completely stopped charging my phone.,0,-0.294382
Poor product.,0,-0.476658
However I needed some better instructions.,0,0.440434
You need two hands to operate the screen.This software interface is decade old and cannot compete with new software designs.,0,0.000000
Worked very well paired with a Treo 700w and as a Skype headset on my PC (using a USB Bluetooth transceiver).,1,0.338445
"Steer clear of this product and go with the genuine Palm replacementr pens, which come in a three-pack.",0,0.381819
DO NOT BUY DO NOT BUYIT SUCKS,0,-0.361158
This is a great product..... sure beats using your fingers!.,1,0.771272
"Plus, I seriously do not believe it is worth its steep price point.",0,0.132235
All the other cases I've tried normally fall apart after a few months but this one seems to be in for the long haul.,1,0.000000
Very Dissapointing Performance.,0,0.000000
Don't make the same mistake that I did and please don't buy this phone.,0,0.010462
This phone might well be the worst I've ever had in any brand.,0,-0.458831
Case was more or less an extra that I originally put on but later discarded because it scratched my ear.,0,-0.476658
I recommend iGo to anyone with different brand cell phones/mp3 players in the family.,1,0.361158
Don't bother - go to the store.,0,0.258409
"I posted more detailed comments under the grey or black phone, but i have the Fire Red and it's a great color!",1,0.605022
I did not have any problem with this item and would order it again if needed.,1,0.308926
You get what you pay for I guess.,0,-0.102733
"Not only did the software do a great job of this, I could also make my own ringtones form my existing CDs without an internet connection.",1,-0.308525
im surprised this is a good quality car charger and there's not much reviews about it.,1,-0.347631
These are fabulous!,1,0.570886
"However, BT headsets are currently not good for real time games like first-person shooters since the audio delay messes me up.",0,-0.145586
I used bitpim (a free program you can find on the internet)to transfer data to the phone.The price of the cable was excellent.,1,0.790569
Disappointing accessory from a good manufacturer.,0,-0.077228
"Performed awful -- muffled, tinny incoming sound and severe echo for those on the other end of the call.",0,-0.680823
Very wind-resistant.,1,0.000000
"Obviously they have a terrible customer service, so you get what you pay for.",0,-0.542326
"They do not last forever, but is not overly expensive to replace.Easy to operate and the sound is much better than others I have tried.",1,0.592690
"I contacted the company and they told me that, although the unit was still under warranty, if I couldn't produce my receipt I was out of luck.",0,0.612372
Linksys should have some way to exchange a bad phone for a refurb unit or something!,0,-0.584919
Phone is sturdy as all nokia bar phones are.,1,0.000000
Great phone.,1,0.624893
"When I placed my treo into the case, not only was it NOT snug, but there was A LOT of extra room on the sides.",0,0.000000
I'm pleased.,1,0.440434
Battery is terrible.,0,-0.476658
I found the product to be easy to set up and use.,1,0.440434
The earpiece on this is too large or too heavy...it keeps falling out of my ear.,0,-0.153093
Utter crap.. Sound quality is TERRIBLE.,0,-0.753072
"The charger arrived within the promised timeframe, but it did not work.",0,-0.078231
"No ear loop needed, it's tiny and the sound is great.",1,0.440434
"Finally, after three or four times the spring of the latch broke and I could not use it any longer on the visor.",0,0.185077
"The handsfree part works fine, but then the car tries to download the address book, and the Treo reboots.Overall, I still rate this device high.",1,0.102733
Talk about USELESS customer service.,0,-0.547350
"It felt too light and ""tinny."".",0,0.000000
This does not fit the Palm Tungsten E2 and it broke the first time I tried to plug it in.,0,-0.527982
I'm happy about this purchase- good quality and low price.,1,0.670478
I love the look and feel of Samsung flipphones.,1,0.636950
Its well-designed and very sharp -- the blue is a very nice color.,1,0.475428
Does everything it should and more.,1,0.000000
I could not recommend these more.,0,-0.155045
Nice Sound.,1,0.421464
"Looks good in the picture, but this case was a huge disappointment!!",0,-0.281456
Much less than the jawbone I was going to replace it with.,1,0.000000
Setup went very smoothly.,1,0.000000
its extremely slow and takes forever to do anything with it.,0,0.000000
"A must study for anyone interested in the ""worst sins"" of industrial design.",0,-0.659728
The first thing that happened was that the tracking was off.,0,0.000000
"It is well made, easy to access the phone and has a handy, detachable belt clip.",1,0.612372
Then I had to continue pairing it periodically since it somehow kept dropping.,0,0.000000
Can't upload ringtones from a third party.,0,0.401924
"Bluetooth does not work, phone locks up, screens just flash up and now it just makes calls randomly while in my pocket locked.",0,0.000000
Truly awful.,0,-0.025811
"It works fine on my Motorola 325 cellphone, and a lot better than the worn-out battery did.",1,0.571885
The volume for the ringer is REAL good (you have choices how loud).,1,0.440434
And none of the tones is acceptable.,0,0.318211
camera color balance is AWFUL.,0,-0.576561
"This product is clearly not ready for prime time, I don't care how cool it looks, if you can't tell a call is coming in it's worthless.",0,-0.449169
I love the ringtones because they are so upbeat!,1,0.669739
Chinese Forgeries Abound!.,0,0.000000
Easy to pair with my Samsung Cell.,1,0.440434
The instructions didn't explain that a microphone jack could be used.,0,0.000000
i would advise to not purchase this item it never worked very well.,0,-0.257202
Too bad you have to pay up to $$$ a month for the service!,0,-0.636121
Works well.,1,0.273213
The nokia CA-42 USB cable did not work with my phone.,0,0.000000
Clear crisp sound.,1,0.381819
"I have to use the smallest earpieces provided, but it stays on pretty well.",1,0.787577
"The biggest complaint I have is, the battery drains superfast.",0,-0.295958
The design might be ergonomic in theory but I could not stand having these in my ear.,0,0.000000
Do NOT buy if you want to use the holster.,0,0.077228
The phone can also take great pictures and even video clips.,1,0.624893
It doesn't make you look cool.,0,0.318211
"Because both ears are occupied, background is not distracting at all.",1,0.124576
"Comfortable fit - you need your headset to be comfortable for at least an hour at a time, if not for an entire day.",1,0.595108
"Also, the phone doesn't seem to accept anything except CBR mp3s, preferably ripped by Windows Media Player.",0,-0.292351
You can't beat the price on these.,1,0.000000
"* Comes with a strong light that you can use to light up your camera shots, and even flash SOS signals (seriously!",1,0.439124
lightweight and works well.,1,0.273213
So just beware.,0,0.000000
I love this cable - it allows me to connect any mini-USB device to my PC.,1,0.636950
So anyone near you will hear part of your conversation.,0,0.000000
This is cool because most cases are just open there allowing the screen to get all scratched up.,1,0.318211
I bought this phone as a replacement for my StarTac and have regretted it since.,0,-0.381819
Appears to actually outperform the original battery from China that came with my V325i.,1,0.318211
Can't store anything but phone numbers to SIM.,0,0.000000
"It lasts less than 3o minutes, if I actually try to use the phone.My wife has the same phone with the same problem.",0,-0.401924
Poor quality.,0,-0.476658
"jabra ear gels ""R"" the best!.",1,0.669739
Not worth it.,0,0.226348
The phone crashed completely and now I have to get it replaced.,0,0.000000
"It quit working after I'd used it for about 18 months, so I just purchased another one because this is the best headset I've ever owned.",1,0.636950
"Unfortunately it will not recharge my iPhone 4s, despite connecting it from multiple power sources (iMac, external battery, wall outlet, etc).",0,-0.339950
It was a great phone.,1,0.624893
if you simply want a small flip phone -- look elsewhere as the extra bells & whistles are mediocre.,0,0.077228
"Good value, works fine - power via USB, car, or wall outlet.",1,0.726946
My phone doesn't slide around my car now and the grip prevents my phone from slipping out of my hand.,1,0.542326
This is simply the BEST bluetooth headset for sound quality!,1,0.669739
Think it over when you plan to own this one!This sure is the last MOTO phone for me!,0,0.437812
"In the span of an hour, I had two people exclaim ""Whoa - is that the new phone on TV?!?",1,0.000000
I have always used corded headsets and the freedom from the wireless is very helpful.,1,0.807026
"This case has passed the one year mark and while it shows signs of wear, it is 100% functional.",1,0.000000
"Other than that, the leather is nice and soft; the fit is very tight; the cut out for the face is a good shape.",1,0.703734
It has everything I need and I couldn't ask for more.,1,0.000000
After receiving and using the product for just 2 days it broke.,0,-0.421464
This product is great... it makes working a lot easier I can go to the copier while waiting on hold for something.,1,0.784527
None of the three sizes they sent with the headset would stay in my ears.,0,0.000000
T-Mobile has the best customer service anywhere.,1,0.636950
Arrived quickly and much less expensive than others being sold.,1,0.000000
We have tried 2 units and they both failed within 2 months.. Pros,0,-0.510607
"Provides good protection and looks classy, too.",1,0.700349
Krussel Always good.,1,0.440434
"The tracfonewebsite is user friendly and makes it easy toactivate, etc.",1,0.726946
The design is very good.4.,1,0.000000
I great reception all the time.,1,0.624893
I would highly recommend this product.,1,0.420114
"Couldn't use the unit with sunglasses, not good in Texas!",0,-0.264660
It dit not work most of the time with my Nokia 5320.,0,0.000000
"Bought mainly for the charger, which broke soon after purchasing.",0,-0.421464
"If you like a loud buzzing to override all your conversations, then this phone is for you!",0,0.420114
Fantastic buy and will get again for whatever my next phone is,1,0.557370
"stay away from this store, be careful.",0,0.153093
This BlueAnt Supertooth hands-free phone speaker is AWESOME.,1,0.703428
Does not fit.,0,0.207470
.... Item arrived quickly and works great with my Metro PCS Samsung SCH-r450 slider phone and Sony Premium Sound in ear plugs.,1,0.624893
"It is light, has plenty of battery capacity, and is very confortable to wear for somewhat extended periods of time.",1,0.000000
disappointing.,0,-0.493915
Blue Ant is easy to use.,1,0.440434
Cheap but hey it works.. Was pleasantly suprised given the low cost of this item.,1,0.361158
The camera on the phone may be used as a dustpan when indoors... I'd rather be using a disposable then this.,0,0.000000
Then a few days later the a puff of smoke came out of the phone while in use.,0,0.000000
It's very convenient and simple to use - gets job done & makes the car ride so much smoother.,1,0.000000
The nano stated it.My son was dissapointed.,0,0.000000
The sound quality is excellent as well.,1,0.700349
Its the best headset I have used.,1,0.636950
Would not reccommend.,0,0.000000
They have been around for years and carries the highest quality of anti-glare screen protector that I have found to date.,1,0.000000
Just what I wanted.,1,0.000000
This particular model would not work with my Motorola Q smartphone.,0,0.000000
wont work right or atleast for me.,0,0.000000
in addition it feels &amp; looks as if the phone is all lightweight cheap plastic.,0,0.000000
"But now that it is ""out of warranty"" the same problems reoccure.Bottom line... put your money somewhere else... Cingular will not support it.",0,0.000000
"I really wanted the Plantronics 510 to be the right one, but it has too many issues for me.The good",0,0.592690
Great product.,1,0.624893
Crisp and Clear.,1,0.381819
AFter the first charge kept going dead after 12 minutes.,0,-0.648557
"VERY cheap plastic, creaks like an old wooden floor.",0,0.361158
"I get absolutely horrible reception in my apartment, where with other phones I have not had this problem.",0,0.525120
The reception has been generally good.,1,0.440434
"Excellent sound, battery life and inconspicuous to boot!.",1,0.611478
Great bluetooth!.,1,0.658960
I highly recommend this case.,1,0.420114
WORTHWHILE.,1,0.339950
This is a great deal.,1,0.624893
"After my phone got to be about a year old, it's been slowly breaking despite much care on my part.",0,0.297020
I am sorry I made this purchase.,0,-0.077228
I bought these hoping I could make my Bluetooth headset fit better but these things made it impossible to wear.,0,0.557370
Treo and T-Mobile refused to replace it again and forced me to buy another phone without any kind of upgrade discount.,0,0.317488
It was horrible!.,0,-0.584919
I don't think it would hold it too securly on your belt.,0,0.000000
This allows the possibility of double booking for the same date and time after the first.,0,0.000000
They work about 2 weeks then break.,0,0.000000
It is simple to use and I like it.,1,0.361158
"It's a great tool for entertainment, communication, and data management.Oh, be sure to use ActiveSync 4.2 for optimal data synchronization results!",1,0.899921
I can't use this case because the smell is disgusting.,0,-0.526742
NOT WHAT I WANTED.,0,0.000000
I own 2 of these cases and would order another.,1,0.000000
Great Phone.,1,0.624893
I bought this battery with a coupon from Amazon and I'm very happy with my purchase.,1,0.690091
"The internet access was fine, it the rare instance that it worked.",0,0.202289
Perfect for the PS3.,1,0.571885
"Five star Plus, plus.",1,0.000000
A good quality bargain.. I bought this after I bought a cheapy from Big Lots that sounded awful and people on the other end couldn't hear me.,1,-0.040626
$50 Down the drain.,0,0.000000
I tried talking real loud but shouting on the telephone gets old and I was still told it wasn't great.,0,-0.437492
"Good , works fine.",1,0.571885
For the price this was a great deal.,1,0.624893
"Great price, too!",1,0.658960
"If there is a wind, it is completely useless.",0,-0.475428
Yes it's shiny on front side - and I love it!,1,0.801610
Does Not Work.,0,0.000000
"At first I thought I was grtting a good deal at $7.44, until I plugged it into my phone (V3c Razr).",0,0.440434
The reception through this headset is excellent.,1,0.571885
2 thumbs up to this seller,1,0.000000
"I have a Verizon LG phone and they work well together, good reception and range that exceeds 20 feet line of sight.",1,0.612372
Improper description.... I had to return it.,0,0.000000
#1 It Works - #2 It is Comfortable.,1,0.510607
Battery charge-life is quite long.,1,0.000000
The Jabra EarGels fit my ears very well.,1,0.598445
Battery has no life.,0,-0.295958
I checked everywhere and there is no feature for it which is really disappointing.,0,-0.690091
Product is exactly as described.,1,0.000000
Gets a signal when other Verizon phones won't.,1,0.000000
Doesn't do the job.,0,0.000000
I would recommend it.,1,0.361158
Plan on ordering from them again and again.,1,0.000000
"That being said, for a phone, the camera is very nice; many cool effects to play with, and video is decent as well.",1,0.846447
I have been very satisfied with this cell phone from day one.,1,0.475428
They keep getting better and better (this is my third one and I've had numerous Palms too).,1,0.700349
Awkward to use and unreliable.,0,-0.153093
The shipping time was also very quick!,1,0.000000
Not as good as I had hoped.,0,0.670478
Good case!.,1,0.492725
Doesn't Work.,0,0.000000
Really good product.,1,0.440434
Unfortunately it did not work.,0,-0.339950
All three broke within two months of use.,0,-0.421464
dont buy it.,0,0.000000
"My father has the V265, and the battery is dying.",0,0.000000
"However, the ear pads come off easily and after only one week I lost one.",0,0.025811
"The calls drop, the phone comes on and off at will, the screen goes black and the worst of all it stops ringing intermittently.",0,-0.778253
"Horrible, horrible protector.",0,-0.790569
I don't like this Nokia either.,0,0.207470
"Reaching for the bottom row is uncomfortable, and the send and end keys are not where I expect them to be.3.",0,0.350273
I have bought this Nokia cell phone a few weeks ago and it was a nightmare.,0,0.000000
It would take too long to describe how bad my customer service experience has been with Amazon.,0,-0.421464
the only VERY DISAPPOINTING thing was there was NO SPEAKERPHONE!!!!,0,-0.841723
Terrible.. My car will not accept this cassette.,0,-0.578718
"Product is useless, since it does not have enough charging current to charge the 2 cellphones I was planning to use it with.",0,-0.246639
It's not what it says it is.,0,0.000000
Stay Away From the Q!.,0,0.000000
Used and dirty.,0,-0.440434
Very unreliable service from T-mobile !,0,0.000000
Not good enough for the price.,0,0.440434
I bought two of them and neither will charge.,0,0.000000
It looks very nice.,1,0.475428
"This is an excellent tool, especially when paired with your phone's auto-answer.",1,0.571885
I have read other's reviews here but I haven't had any problem with it.,1,0.438000
These products cover up the important light sensor above the ear outlet.,0,0.202289
Comfortable in my hand.,1,0.757937
Just does not work.,0,0.000000
Poor Reliability.,0,-0.476658
(It works!),1,0.000000
"If I take a picture, the battery drops a bar, and starts beeping, letting me know its dieing.",0,0.000000
"Terrible product, and waste of money!",0,-0.734583
Last time buying from you.,0,0.000000
It was a waste of my money.,0,-0.421464
So far it has worked like a charm.,1,0.636950
"I have only had it for a few weeks, but so far, so good.",1,0.689311
"But, in any case, the best part is, you can download these pictures to your laptop using IR, or even send pictures from your laptop to the phone.",1,0.636950
Would recommend this item.,1,0.361158
It's been my choice headset for years.Great sound; good volume; good noise cancellation.,1,0.700349
"Nice case, feels good in your hands.",1,0.690775
The item received was Counterfeit.,0,0.000000
"Just really good.. So far, probably the best BT headset I have ever had.",1,0.812246
Works fine.,1,0.202289
I received my headset in good time and was happy with it.,1,0.764969
I was very pleased to see that I could replace my well travled swivel holster for my Blackberry flip.,1,0.647759
My sister has one also and she loves it.,1,0.571885
Good Quality.,1,0.440434
This is by far the worst purchase I've made on Amazon.,0,-0.526742
Excellent dual-purpose headset.,1,0.571885
Excellent!.,1,0.611478
Does not work for listening to music with the cingular 8125.,0,0.000000
"It seems completely secure, both holding on to my belt, and keeping the iPhone inside.",1,0.400535
"The bottowm line...another worthless, cheap gimmick from Sprint.",0,-0.440434
Having trouble with volume.,0,-0.401924
The only good thing was that it fits comfortably on small ears.,1,0.690775
WARNING - DO NOT BUY!!.,0,-0.456290
"I am pairing this with my iphone, and I could not be happier with it so far.",1,0.321338
"When it opens, the battery connection is broken and the device is turned off.",0,-0.476658
"I didn't want the clip going over the top of my ear, causing discomfort.",0,-0.210927
Best headset ever!!!.,1,0.725183
Don't trust their website and don't expect any helpful support.,0,-0.325661
It was that loud.Glad to say that the Plantronics 510 maintains a flawless connection to my cell and with no static during normal use.,1,0.273213
The speaker is of low quality so as making the ring tones sound very cheap.,0,-0.273213
"Fits comfortably, came with three sizes of earbud tips.",1,0.421464
Excellent product for the price.,1,0.571885
Bad Reception.,0,-0.542326
This product is very High quality Chinese CRAP!!!!!!,0,-0.700161
It was quite comfortable in the ear.,1,0.556335
Great phone.,1,0.624893
Don't buy this product - It fails!.,0,-0.475428
Everything about this product is wrong.First,0,0.000000
The pairing of the two devices was so easy it barely took a couple minutes before I started making calls with the voice dialing feature.,1,0.492725
"This was utterly confusing at first, which caused me to lose a couple of very, very important contacts.",0,-0.365678
Terrible phone holder.,0,-0.476658
The cutouts and buttons are placed perfectly.,1,0.636950
I love being able to use one headset for both by land-line and cell.,1,0.636950
Problem is that the ear loops are made of weak material and break easily.,0,-0.493915
Not nearly as good looking as the AMAZON picture makes it look.,0,0.652291
"But despite these few flaws, this case is of exceptional quality and well worth the additional costs of owning an official OEM product.",1,0.550922
How stupid is that?,0,-0.526742
"I can hear while I'm driving in the car, and usually don't even have to put it on it's loudest setting.",1,0.000000
Seller shipped quickly and much cheaper than the competitors.,1,0.000000
"Good show, Samsung.",1,0.440434
So I bought about 10 of these and saved alot of money.,1,0.421464
It always cuts out and makes a beep beep beep sound then says signal failed.,0,-0.670478
Couldn't figure it out,0,0.000000
"My phone sounded OK ( not great - OK), but my wife's phone was almost totally unintelligible, she couldn't understand a word being said on it.",0,0.041700
So I had to take the battery out of the phone put it all back together and then restart it.,0,0.000000
"While I managed to bend the leaf spring back in place, the metal now has enough stress that it will break on the next drop.",0,-0.599373
Leopard Print is wonderfully wild!.,1,0.636121
Works for me.,1,0.000000
"Saggy, floppy piece of junk.",0,0.000000
much better than the hard plastic cases.,1,0.361158
It also had a new problem.,0,-0.401924
Happy so far!.,1,0.611478
cool phone.,1,0.318211
Works good.,1,0.440434
Motorola finally got the voice quality of a bluetooth headset right.,1,0.000000
It looses connection to the phone even when it is within a couple feet between the two.,0,-0.153093
"but it is great, i would really recommend it",1,0.884417
Makes it easier to keep up with my bluetooth when I'm not wearing it.,0,0.246639
As I said above....PRETTY USELESS!,0,-0.589438
Never got it!!!!!,0,0.000000
This pair of headphones is the worst that I have ever had sound-wise.,0,-0.624893
[...] down the drain because of a weak snap!,0,-0.492725
Does not charge the Cingular (ATT) 8525 phone.,0,0.000000
"You get extra minutes so that you can carry out the call and not get cut off.""",1,-0.153681
"However, after about a year, the fliptop started to get loose and wobbly and eventually my screen went black and I couldn't receive and place calls.",0,0.134776
I kept catching the cable on the seat and I had to pull the phone out to turn it on an off.,0,0.000000
The headset fulfills my requirements so I am happy with my purchase.,1,0.715244
Logitech Bluetooth Headset is a 10!.,1,0.000000
"I like the fact that it rests lightly against your ear, rather than inside.",1,0.361158
A lot of websites have been rating this a very good phone and so do I.,1,0.492725
I have tried these cables with my computer and my iPod and it works just fine.,1,0.202289
"The mic there is a joke, and the volume is quite low.",0,-0.049771
I'm returning them.,0,0.000000
I does not maintain a connection with the computer while it is on my lap.,0,0.000000
It is easy to turn on and off when you are in the car and the volume controls are quite accessable.,1,0.440434
I have had mine for about a year and this Christmas I bought some for the rest of the family.,1,0.000000
"Otherwise, easy to install and use, clear sound.",1,0.670478
nice leather.,1,0.421464
I had to purchase a different case.,0,0.000000
It is a joy to use.,1,0.585882
Very much disappointed with this company.,0,-0.476658
Very satisifed with that.,1,0.000000
It didn't charge for me.,0,0.000000
This is the phone to get for 2005.... I just bought my S710a and all I can say is WOW!,1,0.702779
Buttons are too small.,0,0.000000
Just reading on the specs alone makes you say WOW.,1,0.421464
Love it.. Great armband.,1,0.851896
I really like this product over the Motorola because it is allot clearer on the ear piece and the mic.,1,0.420114
"However, the keypads are so tinny that I sometimes reach the wrong buttons.",0,-0.458831
I exchanged the sony ericson z500a for this and I'm pretty happy with that decision.,1,0.784527
I was very impressed with the price of the cases.,1,0.525630
Also makes it easier to hold on to.,1,0.421464
"I use this product in a motor control center where there is a lot of high voltage humming from the equipment, and it works great!",1,0.658960
It's pretty easy.,1,0.726946
I cannot make calls at certain places.,0,0.273213
"however, my girl was complain that some time the phone doesn't wake up like normal phone does.",0,-0.190910
Beautiful styling though.,1,0.599373
This company charge me a restocking fee and still not given me my refund back.,0,0.000000
I'm trying to return it for a refund.,0,0.000000
I plugged it in only to find out not a darn thing worked.,0,0.000000
Excellent product.,1,0.571885
Earbud piece breaks easily.,0,0.339950
Lousy product.,0,-0.542326
This phone tries very hard to do everything but fails at it's very ability to be a phone.,0,-0.167247
It is the best charger I have seen on the market yet.,1,0.381819
SWEETEST PHONE!!!,1,0.000000
":-)Oh, the charger seems to work fine.",1,0.202289
It fits so securely that the ear hook does not even need to be used and the sound is better directed through your ear canal.,1,0.299094
Not enough volume.,0,0.000000
Echo Problem....Very unsatisfactory,0,0.000000
you could only take 2 videos at a time and the quality was very poor.,0,-0.525630
don't waste your money.,0,0.325224
I am going to have to be the first to negatively review this product.,0,0.000000
Adapter does not provide enough charging current.,0,0.000000
"There was so much hype over this phone that I assumed it was the best, my mistake.",0,0.421464
You also cannot take pictures with it in the case because the lense is covered.,0,0.000000
Phone falls out easily.,0,0.339950
"It didn't work, people can not hear me when I talk.",0,0.000000
The text messaging feature is really tricky to use.,0,-0.224677
I'm really disappointed all I have now is a charger that doesn't work.,0,-0.320498
Painful on the ear.,0,-0.440434
Lasted one day and then blew up.,0,0.000000
disappointed.,0,-0.476658
Kind of flops around.,0,-0.339950
The screen does get smudged easily because it touches your ear and face.,0,0.339950
What a piece of junk.. I lose more calls on this phone.,0,-0.401924
Item Does Not Match Picture.,0,0.000000
The only thing that disappoint me is the infra red port (irda).,0,-0.401924
"You can not answer calls with the unit, never worked once!",0,0.000000
